timestamp,agent,event
2026-03-20T16:31:23+00:00,jsspec,start
2026-03-20T16:32:23+00:00,wasmspec,start
2026-03-20T16:33:23+00:00,proof,start
2026-03-20T16:34:23+00:00,supervisor,start
2026-03-20T16:45:00+00:00,jsspec,start
2026-03-20T16:47:29+00:00,supervisor,stop
2026-03-20T16:51:43+00:00,jsspec,stop
2026-03-20T16:52:34+00:00,proof,stop
2026-03-20T16:56:55+00:00,jsspec,start
2026-03-20T16:57:00+00:00,proof,start
2026-03-20T17:04:05+00:00,jsspec,stop
2026-03-20T17:12:46+00:00,proof,stop
2026-03-20T17:13:38+00:00,wasmspec,stop
2026-03-20T17:15:39+00:00,supervisor,start
2026-03-20T17:16:30+00:00,supervisor,stop
2026-03-20T17:16:39+00:00,jsspec,start
2026-03-20T17:17:39+00:00,proof,start
2026-03-20T17:18:04+00:00,supervisor,stop
2026-03-20T17:23:40+00:00,supervisor,start
2026-03-20T17:24:30+00:00,supervisor,stop
2026-03-20T17:25:10+00:00,wasmspec,start
2026-03-20T17:26:04+00:00,supervisor,stop
2026-03-20T17:30:19+00:00,supervisor,start
2026-03-20T17:33:51+00:00,jsspec,stop
2026-03-20T17:36:26+00:00,supervisor,stop
2026-03-20T17:40:00+00:00,jsspec,stop
2026-03-20T17:42:00+00:00,supervisor,stop
2026-03-20T17:51:23+00:00,wasmspec,stop
2026-03-20T18:00:01+00:00,jsspec,start
2026-03-20T18:00:01+00:00,jsspec,stop
2026-03-20T18:05:01+00:00,supervisor,start
2026-03-20T18:08:58+00:00,supervisor,stop
2026-03-20T18:10:00+00:00,supervisor,stop
2026-03-20T18:13:39+00:00,proof,stop
2026-03-20T18:15:01+00:00,wasmspec,start
2026-03-20T18:30:01+00:00,proof,start
2026-03-20T18:45:00+00:00,wasmspec,stop
2026-03-20T19:08:22+00:00,proof,stop
2026-03-20T19:30:00+00:00,proof,stop
2026-03-20T20:05:01+00:00,supervisor,start
2026-03-20T20:09:57+00:00,supervisor,stop
2026-03-20T20:10:00+00:00,supervisor,stop
2026-03-20T20:31:48+00:00,supervisor,start
2026-03-20T20:32:33+00:00,jsspec,start
2026-03-20T20:33:18+00:00,wasmspec,start
2026-03-20T20:34:03+00:00,proof,start
2026-03-20T20:35:00+00:00,supervisor,stop
2026-03-20T20:37:05+00:00,supervisor,stop
2026-03-20T21:03:52+00:00,jsspec,stop
2026-03-20T21:15:01+00:00,wasmspec,start
2026-03-20T21:30:01+00:00,proof,start
2026-03-20T21:41:27+00:00,wasmspec,stop
